week,subreddit,post_count,comment_count,benefit_count,harm_count,benefit_rate,harm_rate,net_sentiment,sentiment_velocity
2026-W06,CharacterAI,312,2841,487,398,0.1544,0.1262,0.0282,0.0
2026-W06,replika,198,1654,421,203,0.2272,0.1096,0.1176,0.0
2026-W06,artificial,245,1987,312,178,0.1398,0.0797,0.0601,0.0
2026-W07,CharacterAI,341,3102,502,456,0.1457,0.1324,0.0134,-0.0148
2026-W07,replika,205,1712,438,215,0.2286,0.1122,0.1164,-0.0012
2026-W07,artificial,261,2103,328,191,0.1387,0.0808,0.0579,-0.0022
2026-W08,CharacterAI,398,3567,478,589,0.1206,0.1486,-0.028,-0.0414
2026-W08,replika,212,1789,445,228,0.2223,0.1139,0.1084,-0.008
2026-W08,artificial,278,2245,341,214,0.1352,0.0848,0.0504,-0.0075
2026-W09,CharacterAI,567,5234,512,891,0.0883,0.1536,-0.0653,-0.0373
2026-W09,replika,231,1834,412,298,0.1995,0.1443,0.0552,-0.0532
2026-W09,artificial,312,2567,367,287,0.1274,0.0996,0.0278,-0.0226
2026-W10,CharacterAI,621,5891,534,978,0.082,0.1502,-0.0682,-0.0029
2026-W10,replika,248,1956,425,312,0.1929,0.1416,0.0513,-0.0039
2026-W10,artificial,334,2789,389,301,0.1246,0.0964,0.0282,0.0004
2026-W11,CharacterAI,489,4321,567,712,0.1179,0.148,-0.0301,0.0381
2026-W11,replika,225,1821,451,256,0.2204,0.1251,0.0953,0.044
2026-W11,artificial,298,2456,378,245,0.1373,0.089,0.0483,0.0201
2026-W12,CharacterAI,378,3456,589,534,0.1537,0.1393,0.0143,0.0444
2026-W12,replika,215,1767,467,221,0.2354,0.1114,0.124,0.0287
2026-W12,artificial,267,2312,356,198,0.1381,0.0768,0.0613,0.013
2026-W13,CharacterAI,356,3234,601,498,0.1674,0.1387,0.0287,0.0144
2026-W13,replika,208,1698,478,209,0.2507,0.1096,0.1411,0.0171
2026-W13,artificial,254,2198,367,187,0.1497,0.0763,0.0734,0.0121
2026-W14,CharacterAI,367,3389,578,534,0.1539,0.1422,0.0117,-0.017
2026-W14,replika,219,1745,456,234,0.2322,0.1191,0.1131,-0.028
2026-W14,artificial,271,2278,378,201,0.1483,0.0789,0.0694,-0.004
2026-W15,CharacterAI,345,3178,612,489,0.1738,0.1389,0.0349,0.0232
2026-W15,replika,224,1812,489,218,0.2401,0.1071,0.133,0.0199
2026-W15,artificial,259,2234,391,189,0.1568,0.0758,0.081,0.0116
2026-W16,replika,0,0,0,0,0.0,0.0,0.0,0.0
2026-W16,CharacterAI,0,0,0,0,0.0,0.0,0.0,0.0
2026-W16,artificial,0,0,0,0,0.0,0.0,0.0,0.0
